27.07.202011:37:43;13142627;10203560;10642359;11915251;3194221;3256920;0;0;;
27.07.202011:37:44;13144477;10210836;10624780;11916423;3194985;3256699;1;0;;
27.07.202011:37:45;13143853;10208878;10634142;11915872;3205990;3262500;2;0;;
27.07.202011:37:46;13144643;10208725;10628081;11916654;3192235;3248876;3;0;;
27.07.202011:37:47;13143933;10205453;10635377;11915973;3168172;3229390;4;0;;
27.07.202011:37:48;13144143;10209688;10628002;11915941;3160935;3233329;5;0;;
27.07.202011:37:49;13140382;10202776;10625843;11917807;3193308;3261519;6;0;;
27.07.202011:37:50;13142129;10203852;10644242;11915182;3219832;3275864;7;0;;
27.07.202011:37:51;13143961;10208454;10630435;11916215;3220948;3272551;8;0;;
27.07.202011:37:52;13142226;10204878;10627239;11917425;3202117;3257670;9;0;;
27.07.202011:37:53;13142980;10205105;10640606;11915706;3191485;3248994;10;0;;
27.07.202011:37:54;13143961;10211389;10626114;11916700;3187351;3247804;11;0;;
27.07.202011:37:55;13141270;10204247;10625139;11918705;3188415;3248267;12;0;;
27.07.202011:37:56;13143346;10205023;10644295;11916120;3187664;3248927;13;0;;
27.07.202011:37:57;13143971;10210160;10625079;11917999;3193791;3257843;14;0;;
27.07.202011:37:58;13141225;10203838;10633492;11918659;3202161;3262814;15;0;;
27.07.202011:37:59;13143878;10209570;10643415;11916629;3211205;3269442;16;0;;
27.07.202011:38:00;13142852;10210594;10623199;11919040;3207264;3270104;17;0;;
27.07.202011:38:01;13141938;10205286;10637671;11918250;3210844;3274490;18;0;;
27.07.202011:38:02;13143319;10208927;10631012;11918515;3210559;3272843;19;0;;
27.07.202011:38:03;13144086;10208786;10636708;11917759;3203211;3269092;20;0;;
27.07.202011:38:04;13143435;10210595;10627898;11918954;3198080;3263204;21;0;;
27.07.202011:38:05;13142010;10205659;10638327;11917894;3201303;3269458;22;0;;
27.07.202011:38:06;13146208;10211993;10644499;11915476;3202630;3266835;23;0;;
27.07.202011:38:07;13143963;10210824;10625097;11918695;3197298;3261902;24;0;;
27.07.202011:38:08;13141481;10204513;10638833;11917982;3187972;3254712;25;0;;
27.07.202011:38:09;13144451;10211350;10642706;11916364;3183083;3250027;26;0;;
27.07.202011:38:10;13143224;10210520;10623246;11918883;3177091;3245450;27;0;;
27.07.202011:38:11;13141071;10204331;10635997;11918408;3178292;3249527;28;0;;
27.07.202011:38:12;13144614;10209576;10644619;11916175;3187106;3256055;29;0;;
27.07.202011:38:13;13141719;10208301;10621543;11919468;3186033;3253417;30;0;;
27.07.202011:38:14;13140663;10204241;10643439;11918337;3179859;3249466;31;0;;
27.07.202011:38:15;13144683;10212594;10639190;11916807;3187392;3257703;32;0;;
27.07.202011:38:16;13142050;10209029;10621984;11919805;3202666;3268753;33;0;;
27.07.202011:38:17;13141194;10204125;10641633;11917848;3216899;3278518;34;0;;
27.07.202011:38:18;13144043;10210455;10633790;11917226;3217343;3281223;35;0;;
27.07.202011:38:19;13143614;10210507;10635770;11917550;3219885;3278655;36;0;;
27.07.202011:38:20;13143282;10210420;10626785;11919076;3210006;3267252;37;0;;
27.07.202011:38:21;13143522;10208270;10640874;11917266;3196501;3252024;38;0;;
27.07.202011:38:22;13145599;10212848;10638324;11915817;3195257;3254929;39;0;;
27.07.202011:38:23;13142727;10210329;10621663;11918852;3203032;3258093;40;0;;
27.07.202011:38:24;13141908;10207116;10640497;11917967;3210063;3261242;41;0;;
27.07.202011:38:25;13144613;10213398;10638836;11916734;3200339;3254134;42;0;;
27.07.202011:38:26;13142842;10209582;10626526;11918966;3190261;3248752;43;0;;
27.07.202011:38:27;13142940;10208825;10641935;11917295;3187753;3246056;44;0;;
27.07.202011:38:28;13144785;10213250;10637190;11915990;3194515;3249430;45;0;;
27.07.202011:38:29;13141951;10208308;10627581;11918845;3204031;3254353;46;0;;
27.07.202011:38:30;13142662;10207018;10645154;11917072;3208159;3259268;47;0;;
27.07.202011:38:31;13145456;10215018;10632744;11917227;3206825;3254344;48;0;;
27.07.202011:38:32;13142176;10206257;10628228;11918974;3186616;3233535;49;0;;
27.07.202011:38:33;13143107;10208511;10644332;11916895;3162322;3219751;50;0;;
27.07.202011:38:34;13144259;10212115;10632697;11917729;3164855;3234030;51;0;;
27.07.202011:38:35;13144641;10212061;10633781;11917963;3185415;3248067;52;0;;
27.07.202011:38:36;13143624;10209230;10630792;11918970;3197366;3251398;53;0;;
27.07.202011:38:37;13144267;10210136;10643342;11916920;3192335;3245233;54;0;;
27.07.202011:38:38;13144999;10213929;10630610;11917399;3188459;3242719;55;0;;
27.07.202011:38:39;13141030;10205358;10630440;11919230;3186729;3241638;56;0;;
27.07.202011:38:40;13144358;10209733;10642761;11917334;3189782;3246380;57;0;;
27.07.202011:38:41;13146282;10215018;10626727;11917836;3193889;3253855;58;0;;
27.07.202011:38:42;13142496;10207090;10630432;11918654;3198437;3255228;59;0;;
27.07.202011:38:43;13144383;10211574;10640728;11916418;3196007;3253959;60;0;;
27.07.202011:38:44;13145112;10215246;10627942;11917892;3194518;3251388;61;0;;
27.07.202011:38:45;13141068;10205213;10630723;11919869;3194803;3249489;62;0;;
27.07.202011:38:46;13145549;10211765;10645166;11916384;3190870;3246987;63;0;;
27.07.202011:38:47;13146019;10214866;10623619;11918206;3186104;3245390;64;0;;
27.07.202011:38:48;13141613;10204414;10639913;11918209;3188358;3245798;65;0;;
27.07.202011:38:49;13144990;10214086;10638550;11916471;3190780;3245438;66;0;;
27.07.202011:38:50;13144607;10213244;10625287;11918397;3195710;3249745;67;0;;
27.07.202011:38:51;13144791;10213228;10627236;11918603;3200763;3253166;68;0;;
27.07.202011:38:52;13143265;10207992;10630634;11919601;3199367;3253822;69;0;;
27.07.202011:38:53;13145489;10210026;10635607;11918126;3193866;3248610;70;0;;
27.07.202011:38:54;13145995;10208782;10624653;11920611;3198906;3253707;71;0;;
27.07.202011:38:55;13146657;10200867;10630985;11923750;3206789;3258080;72;0;;
27.07.202011:38:56;13148937;10209625;10627829;11921635;3187939;3240627;73;0;;
27.07.202011:38:57;13148654;10207744;10619801;11923334;3166199;3223303;74;0;;
27.07.202011:38:58;13147318;10201424;10634286;11922869;3170749;3237043;75;0;;
27.07.202011:38:59;13186153;10163305;10583333;11977355;3206810;3264465;76;0;;
27.07.202011:39:00;13217536;10115346;10531199;12000801;3223945;3273563;77;0;;
27.07.202011:39:01;13190569;10072401;10382397;11975846;3212901;3261543;78;0;;
27.07.202011:39:02;13121881;10018863;10375605;11928270;3194026;3245775;79;0;;
27.07.202011:39:03;13036029;9958995;10333507;11872808;3191096;3245108;80;0;;
27.07.202011:39:04;13008424;9901448;10289342;11814275;3191029;3247990;81;0;;
27.07.202011:39:05;12949050;9850341;10245069;11762461;3189942;3245867;82;0;;
27.07.202011:39:06;12894182;9783225;10173157;11710125;3186180;3247008;83;0;;
27.07.202011:39:07;12776031;9734743;10134381;11650852;3196155;3256230;84;0;;
27.07.202011:39:08;12749523;9670985;10080381;11591123;3207438;3265379;85;0;;
27.07.202011:39:09;12713514;9614893;10027535;11542661;3217284;3273365;86;0;;
27.07.202011:39:10;12563404;9552697;9995412;11488307;3219199;3278670;87;0;;
27.07.202011:39:11;12568536;9496201;9952189;11430888;3241002;3303964;88;0;;
27.07.202011:39:12;12487083;9438220;9893434;11372212;3263301;3329591;89;0;;
27.07.202011:39:13;12458454;9352030;9806959;11319749;3332287;3406239;90;0;;
27.07.202011:39:14;12344984;9298289;9791927;11259322;3658767;3763487;91;0;;
27.07.202011:39:15;12328216;9261487;9685210;11202427;3929275;4023563;92;0;;
27.07.202011:39:16;12224876;9198617;9627012;11139148;4066719;4161261;93;0;;
27.07.202011:39:17;12201726;9144678;9595443;11082201;4170206;4240753;94;0;;
27.07.202011:39:18;12172824;9088306;9537863;11029539;4172077;4251267;95;0;;
27.07.202011:39:19;12040387;9020756;9473791;10980222;4176569;4257240;96;0;;
27.07.202011:39:20;12019430;8965999;9428695;10917691;4179524;4265642;97;0;;
27.07.202011:39:21;11965628;8901868;9405701;10864455;4186754;4273563;98;0;;
27.07.202011:39:22;11932347;8844532;9376445;10806448;4187758;4273567;99;0;;
27.07.202011:39:23;11869979;8791504;9331572;10732444;4171883;4267718;100;0;;
27.07.202011:39:24;11809659;8734138;9275361;10659792;4164161;4259916;101;0;;
27.07.202011:39:25;11722801;8676432;9223470;10631867;4184286;4276466;102;0;;
27.07.202011:39:26;11631406;8626212;9118680;10576345;4201330;4298443;103;0;;
27.07.202011:39:27;11600570;8569461;9099969;10520399;4223856;4320197;104;0;;
27.07.202011:39:28;11559339;8516757;9026860;10465105;4242512;4353470;105;0;;
27.07.202011:39:29;11510041;8457784;8991607;10416059;4257997;4354705;106;0;;
27.07.202011:39:30;11365396;8412584;8898959;10360078;4240741;4323700;107;0;;
27.07.202011:39:31;11320016;8352076;8854481;10306891;4195756;4277058;108;0;;
27.07.202011:39:32;11323270;8299367;8816358;10249438;4186313;4275869;109;0;;
27.07.202011:39:33;11285205;8250763;8715863;10200608;4201635;4299468;110;0;;
27.07.202011:39:34;11220171;8196662;8708930;10149386;4224072;4309776;111;0;;
27.07.202011:39:35;11161988;8135957;8669107;10098744;4216400;4293062;112;0;;
27.07.202011:39:36;11094306;8090585;8544131;10040215;4198541;4277975;113;0;;
27.07.202011:39:37;11010409;8031992;8528940;9991158;4190980;4268764;114;0;;
27.07.202011:39:38;10971088;7982344;8494964;9935861;4193503;4278971;115;0;;
27.07.202011:39:39;10854649;7923683;8432742;9883163;4202761;4290654;116;0;;
27.07.202011:39:40;10870700;7881767;8380278;9816897;4217129;4303593;117;0;;
27.07.202011:39:41;10852043;7854854;8395827;9806701;4200341;4276888;118;0;;
27.07.202011:39:42;10884620;7844726;8407125;9781475;4152966;4220935;119;0;;
27.07.202011:39:43;10997327;7834415;8405727;9779245;4110437;4195978;120;0;;
27.07.202011:39:44;10862374;7829799;8454137;9775460;4133476;4240419;121;0;;
27.07.202011:39:45;10889610;7814524;8446600;9766136;4172698;4271185;122;0;;
27.07.202011:39:46;10894232;7809554;8449315;9755523;4170653;4258995;123;0;;
27.07.202011:39:47;10898343;7803802;8491350;9754579;4144732;4238205;124;0;;
27.07.202011:39:48;10900592;7801569;8481261;9748704;4144252;4243386;125;0;;
27.07.202011:39:49;10893565;7801963;8473711;9743180;4158708;4255448;126;0;;
27.07.202011:39:50;10890244;7804291;8493722;9743951;4171157;4260939;127;0;;
27.07.202011:39:51;10899642;7799400;8509963;9743098;4174772;4265162;128;0;;
27.07.202011:39:52;10905096;7774730;8471212;9739381;4171355;4263401;129;0;;
27.07.202011:39:53;10899728;7792510;8499797;9736502;4177988;4268995;130;0;;
27.07.202011:39:54;10910411;7787456;8494380;9733516;4185026;4275449;131;0;;
27.07.202011:39:55;10915039;7788159;8523700;9736480;4189591;4275844;132;0;;
27.07.202011:39:56;10919703;7794370;8517589;9722367;4182249;4272691;133;0;;
27.07.202011:39:57;10909544;7789898;8588267;9722777;4172553;4267903;134;0;;
27.07.202011:39:58;10902437;7786231;8490825;9734586;4173561;4261718;135;0;;
27.07.202011:39:59;10916264;7783970;8516146;9727711;4166227;4253238;136;0;;
27.07.202011:40:00;10932891;7784914;8476239;9728859;4169638;4254951;137;0;;
27.07.202011:40:01;10914756;7782670;8518734;9732438;4163629;4253079;138;0;;
27.07.202011:40:02;10938991;7785935;8513184;9735035;4153256;4248248;139;0;;
27.07.202011:40:03;10939332;7793206;8521098;9742451;4153602;4249842;140;0;;
27.07.202011:40:04;10928988;7787990;8647381;9746313;4182272;4282800;141;0;;
27.07.202011:40:05;10933919;7789760;8512201;9738706;4198994;4284135;142;0;;
27.07.202011:40:06;10940399;7789189;8462909;9743323;4182113;4264586;143;0;;
27.07.202011:40:07;10934150;7777203;8488036;9724183;4152351;4247078;144;0;;
27.07.202011:40:08;10940431;7781833;8527464;9723405;4172297;4279722;145;0;;
27.07.202011:40:09;10968303;7784525;8555081;9736766;4201769;4306109;146;0;;
27.07.202011:40:10;10942259;7782174;8543747;9734710;4210709;4308422;147;0;;
27.07.202011:40:11;10945373;7785391;8500473;9736105;4197661;4288158;148;0;;
27.07.202011:40:12;10944553;7777292;8501490;9730890;4189982;4281428;149;0;;
27.07.202011:40:13;10939827;7773326;8545491;9724658;4191446;4277120;150;0;;
27.07.202011:40:14;10944797;7775889;8541147;9726919;4183457;4270835;151;0;;
27.07.202011:40:15;10948139;7779175;8544363;9724698;4164707;4257493;152;0;;
27.07.202011:40:16;10952939;7779589;8537614;9727209;4155457;4258778;153;0;;
27.07.202011:40:17;10947071;7778758;8569601;9727085;4160961;4265554;154;0;;
27.07.202011:40:18;10955045;7775004;8540179;9727389;4165454;4267510;155;0;;
27.07.202011:40:19;10937711;7760642;8534158;9704295;4163064;4262025;156;0;;
27.07.202011:40:20;10954030;7766774;8523189;9712438;4171504;4277541;157;0;;
27.07.202011:40:21;10940012;7762482;8550932;9714248;4196910;4297358;158;0;;
27.07.202011:40:22;10943255;7763516;8534504;9710985;4202859;4295115;159;0;;
27.07.202011:40:23;10948880;7759500;8536643;9711687;4189970;4275165;160;0;;
27.07.202011:40:24;10953656;7767141;8586591;9719527;4182335;4275242;161;0;;
27.07.202011:40:25;10975473;7765815;8505051;9711725;4195847;4287719;162;0;;
27.07.202011:40:26;10954700;7766442;8557909;9711812;4195441;4285765;163;0;;
27.07.202011:40:27;10910376;7760699;8573882;9708384;4177688;4264839;164;0;;
27.07.202011:40:28;10943981;7759985;8533239;9702086;4155095;4247170;165;0;;
27.07.202011:40:29;10965042;7758909;8520542;9701913;4142135;4234049;166;0;;
27.07.202011:40:30;10940658;7763140;8523384;9702847;4143272;4240318;167;0;;
27.07.202011:40:31;10993142;7763318;8530707;9701098;4160510;4258894;168;0;;
27.07.202011:40:32;10955505;7776707;8543675;9701883;4171908;4268094;169;0;;
27.07.202011:40:33;10982319;7769224;8560555;9702215;4174262;4270591;170;0;;
27.07.202011:40:34;10919161;7759664;8516771;9702971;4185327;4285105;171;0;;
27.07.202011:40:35;10966119;7753404;8557291;9705672;4214943;4314647;172;0;;
27.07.202011:40:36;10962127;7762196;8552864;9707467;4237425;4337170;173;0;;
27.07.202011:40:37;10958966;7760443;8574225;9691294;4232644;4334376;174;0;;
27.07.202011:40:38;10963473;7757069;8558575;9710907;4221593;4322837;175;0;;
27.07.202011:40:39;10958904;7764158;8555150;9710520;4201651;4296954;176;0;;
27.07.202011:40:40;10955394;7764027;8537790;9706782;4189883;4274041;177;0;;
27.07.202011:40:41;10973761;7776996;8552614;9712671;4189863;4276976;178;0;;
27.07.202011:40:42;10875024;7777844;8566304;9711502;4207370;4287387;179;0;;
27.07.202011:40:43;10918097;7768427;8662029;9707954;4206911;4286877;180;0;;
27.07.202011:40:44;10952088;7761094;8569918;9701508;4179140;4254902;181;0;;
27.07.202011:40:45;10948196;7769018;8559354;9701780;4151689;4236699;182;0;;
27.07.202011:40:46;10946357;7747830;8563418;9690585;4149651;4240581;183;0;;
27.07.202011:40:47;10946292;7755252;8553565;9701310;4173380;4259912;184;0;;
27.07.202011:40:48;10949176;7754739;8551122;9700787;4197272;4280018;185;0;;
27.07.202011:40:49;10955722;7753505;8549760;9701698;4207631;4293785;186;0;;
27.07.202011:40:50;10942626;7748789;8554109;9701354;4214694;4294854;187;0;;
27.07.202011:40:51;10977067;7745460;8557171;9702314;4179014;4251473;188;0;;
27.07.202011:40:52;10953554;7750329;8556447;9699373;4131743;4200798;189;0;;
27.07.202011:40:53;10966761;7752243;8548320;9698189;4116406;4207972;190;0;;
27.07.202011:40:54;10946965;7748443;8539952;9698141;4156132;4251480;191;0;;
27.07.202011:40:55;10952201;7745306;8529733;9699625;4182669;4273843;192;0;;
27.07.202011:40:56;10959064;7742335;8533968;9691710;4178143;4262008;193;0;;
27.07.202011:40:57;10950178;7742588;8542646;9690326;4170606;4256266;194;0;;
27.07.202011:40:58;10955621;7748257;8530439;9680034;4176326;4263408;195;0;;
27.07.202011:40:59;10960332;7741617;8517206;9698396;4190574;4281797;196;0;;
27.07.202011:41:00;10951732;7750873;8533546;9696117;4209667;4293703;197;0;;
27.07.202011:41:01;10971746;7743714;8540966;9686658;4216855;4297367;198;0;;
27.07.202011:41:02;10955759;7757314;8580570;9705697;4204422;4282306;199;0;;
27.07.202011:41:03;10968898;7759150;8550858;9711091;4194298;4274575;200;0;;
27.07.202011:41:04;10970710;7763874;8555883;9709461;4193333;4276904;201;0;;
27.07.202011:41:05;10982489;7764989;8538032;9712429;4189139;4272732;202;0;;
27.07.202011:41:06;10989754;7766822;8556718;9719990;4175272;4261919;203;0;;
27.07.202011:41:07;10983146;7771903;8535354;9725969;4167220;4254602;204;0;;
27.07.202011:41:08;10987438;7778265;8592351;9728649;4169174;4252617;205;0;;
27.07.202011:41:09;10978805;7775871;8573653;9727895;4174311;4266334;206;0;;
27.07.202011:41:10;11007329;7772053;8597702;9733501;4182844;4276168;207;0;;
27.07.202011:41:11;10998898;7778846;8593095;9727177;4179212;4275897;208;0;;
27.07.202011:41:12;10989967;7776190;8549631;9726464;4172338;4267154;209;0;;
27.07.202011:41:13;10989283;7783709;8566631;9725833;4173646;4270769;210;0;;
27.07.202011:41:14;10977553;7784383;8566232;9725404;4186087;4275932;211;0;;
27.07.202011:41:15;11007786;7786974;8566406;9725825;4157996;4236318;212;0;;
27.07.202011:41:16;10986724;7786824;8576227;9729483;4115401;4190601;213;0;;
27.07.202011:41:17;10935659;7790609;8590561;9733200;4090970;4179882;214;0;;
27.07.202011:41:18;11006523;7771824;8549725;9731516;4120144;4212934;215;0;;
27.07.202011:41:19;10997371;7779886;8551968;9729727;4139781;4229979;216;0;;
27.07.202011:41:20;10996325;7778285;8585761;9726546;4153499;4241844;217;0;;
27.07.202011:41:21;11002903;7778567;8565362;9741074;4155045;4241795;218;0;;
27.07.202011:41:22;10994221;7778674;8580162;9717697;4159075;4244510;219;0;;
27.07.202011:41:23;10987817;7787289;8581536;9733620;4150514;4232306;220;0;;
27.07.202011:41:24;11007574;7791619;8583197;9731621;4139080;4224637;221;0;;
27.07.202011:41:25;11007514;7792754;8579484;9732996;4133205;4229255;222;0;;
27.07.202011:41:26;11007154;7795714;8578231;9744173;4165934;4260690;223;0;;
27.07.202011:41:27;11004133;7808371;8550227;9739136;4200923;4293868;224;0;;
27.07.202011:41:28;10992468;7797100;8581741;9742181;4217089;4300574;225;0;;
27.07.202011:41:29;10994055;7801506;8588656;9750920;4188890;4269864;226;0;;
27.07.202011:41:30;11017972;7805295;8604188;9743844;4166915;4262603;227;0;;
27.07.202011:41:31;11024140;7806143;8585770;9747129;4172719;4269457;228;0;;
27.07.202011:41:32;11026641;7808386;8583895;9751780;4188473;4284889;229;0;;
27.07.202011:41:33;11036897;7807786;8630711;9751621;4189566;4284154;230;0;;
27.07.202011:41:34;11022588;7810422;8575605;9747544;4188015;4281941;231;0;;
27.07.202011:41:35;10996965;7811894;8613765;9749880;4168306;4261816;232;0;;
27.07.202011:41:36;11027013;7811053;8605369;9753502;4155401;4249505;233;0;;
27.07.202011:41:37;11009765;7805580;8604069;9750336;4142142;4240940;234;0;;
27.07.202011:41:38;11020931;7817294;8606435;9747630;4141277;4242127;235;0;;
27.07.202011:41:39;11005497;7804936;8621671;9754468;4142434;4235996;236;0;;
27.07.202011:41:40;11005493;7806410;8569385;9749057;4149903;4240110;237;0;;
27.07.202011:41:41;11017494;7810839;8610368;9748318;4161040;4243692;238;0;;
27.07.202011:41:42;11004826;7812647;8593287;9744684;4160205;4236811;239;0;;
27.07.202011:41:43;11008123;7804211;8593136;9743950;4142530;4221980;240;0;;
27.07.202011:41:44;10998363;7794134;8591998;9736429;4144596;4230308;241;0;;
27.07.202011:41:45;10995369;7785486;8580053;9730377;4154483;4251628;242;0;;
27.07.202011:41:46;10995924;7778010;8562691;9722964;4184695;4282436;243;0;;
27.07.202011:41:47;10988022;7776194;8572700;9717446;4200847;4309127;244;0;;
27.07.202011:41:48;10991124;7779144;8584303;9733019;4215568;4320599;245;0;;
27.07.202011:41:49;10992780;7779434;8578914;9721650;4206963;4300719;246;0;;
27.07.202011:41:50;10955223;7778794;8507901;9715131;4184345;4267782;247;0;;
27.07.202011:41:51;10896602;7773404;8573900;9725786;4180260;4264933;248;0;;
27.07.202011:41:52;10994855;7765725;8614945;9726232;4190022;4272955;249;0;;
27.07.202011:41:53;10991446;7771401;8572138;9724330;4198142;4277856;250;0;;
27.07.202011:41:54;11006853;7783561;8583313;9726023;4182486;4260417;251;0;;
27.07.202011:41:55;11021915;7775082;8598264;9723021;4168281;4245895;252;0;;
27.07.202011:41:56;10988703;7766899;8573204;9715498;4169949;4252533;253;0;;
27.07.202011:41:57;10962979;7761392;8586349;9707509;4193289;4280053;254;0;;
27.07.202011:41:58;10990632;7772707;8597674;9712826;4220886;4307057;255;0;;
27.07.202011:41:59;10987673;7766152;8596889;9723480;4235916;4324603;256;0;;
27.07.202011:42:00;10988275;7764957;8602298;9713548;4223600;4297814;257;0;;
27.07.202011:42:01;10995197;7760672;8571186;9718964;4173990;4235845;258;0;;
27.07.202011:42:02;10991016;7760562;8594536;9708065;4108775;4179925;259;0;;
27.07.202011:42:03;10982425;7760599;8583702;9706716;4105480;4201109;260;0;;
27.07.202011:42:04;10967893;7758462;8641553;9701747;4144344;4244543;261;0;;
27.07.202011:42:05;10907906;7752470;8678238;9705088;4174325;4261241;262;0;;
27.07.202011:42:06;10965151;7764997;8590866;9714957;4164186;4249453;263;0;;
27.07.202011:42:07;11027390;7748143;8486338;9708222;4157439;4244900;264;0;;
27.07.202011:42:08;10975525;7757486;8583533;9705516;4164295;4252200;265;0;;
27.07.202011:42:09;10978107;7753186;8571475;9701135;4189055;4276529;266;0;;
27.07.202011:42:10;10960517;7749852;8564802;9698756;4218530;4300951;267;0;;
27.07.202011:42:11;10961645;7743154;8571873;9692041;4226956;4302719;268;0;;
27.07.202011:42:12;10969568;7754297;8578322;9703214;4215705;4291985;269;0;;
27.07.202011:42:13;10967771;7741271;8592670;9703297;4203430;4281773;270;0;;
27.07.202011:42:14;10964323;7754090;8575522;9700077;4195283;4279853;271;0;;
27.07.202011:42:15;10986702;7741802;8591540;9700080;4186367;4272810;272;0;;
27.07.202011:42:16;10983333;7762224;8577929;9698364;4171881;4260457;273;0;;
27.07.202011:42:17;10969400;7756358;8578044;9704310;4164364;4255251;274;0;;
27.07.202011:42:18;10960489;7748579;8567572;9698806;4159514;4244401;275;0;;
27.07.202011:42:19;10975255;7749058;8570299;9699454;4159838;4247449;276;0;;
27.07.202011:42:20;10987578;7749303;8577054;9698835;4163406;4251596;277;0;;
27.07.202011:42:21;10969697;7751827;8545315;9700150;4170503;4262299;278;0;;
27.07.202011:42:22;10967642;7751613;8562848;9707475;4179565;4274089;279;0;;
27.07.202011:42:23;10977443;7761331;8566128;9706886;4199757;4295643;280;0;;
27.07.202011:42:24;10980576;7761032;8586920;9709104;4203111;4284720;281;0;;
27.07.202011:42:25;10973839;7759057;8592855;9708664;4168359;4239479;282;0;;
27.07.202011:42:26;10974882;7759565;8590771;9700234;4131110;4204261;283;0;;
27.07.202011:42:27;10965431;7754284;8587754;9703757;4143591;4238249;284;0;;
27.07.202011:42:28;10954826;7755681;8580305;9704258;4190951;4279179;285;0;;
27.07.202011:42:29;10973058;7745060;8571006;9701900;4210421;4292559;286;0;;
27.07.202011:42:30;10962584;7757767;8559524;9699979;4197465;4272163;287;0;;
27.07.202011:42:31;10991008;7747940;8575731;9695865;4183749;4260210;288;0;;
27.07.202011:42:32;10881261;7749158;8595450;9693947;4172954;4254117;289;0;;
27.07.202011:42:33;11073167;7754754;8658997;9692614;4166665;4250286;290;0;;
27.07.202011:42:34;10960258;7750942;8556400;9700108;4154402;4239076;291;0;;
27.07.202011:42:35;10973298;7753545;8612919;9692192;4156216;4250319;292;0;;
27.07.202011:42:36;11014733;7753179;8610899;9707288;4183684;4278791;293;0;;
27.07.202011:42:37;11003171;7765092;8596127;9710811;4208483;4305027;294;0;;
27.07.202011:42:38;11001876;7758005;8618640;9715089;4211445;4306903;295;0;;
27.07.202011:42:39;10999907;7776386;8597087;9715551;4202346;4304847;296;0;;
27.07.202011:42:40;10996927;7776489;8607223;9718875;4212160;4317583;297;0;;
27.07.202011:42:41;11005298;7782845;8607940;9725179;4211777;4312576;298;0;;
27.07.202011:42:42;11008656;7776211;8608598;9729517;4197409;4294754;299;0;;
27.07.202011:42:43;11008484;7778115;8607243;9726190;4179243;4281536;300;0;;
27.07.202011:42:44;11000623;7780194;8594930;9727807;4185446;4283473;301;0;;
27.07.202011:42:45;10985748;7782084;8603948;9729576;4175702;4272487;302;0;;
27.07.202011:42:46;11013822;7776825;8578261;9726681;4158210;4253620;303;0;;
27.07.202011:42:47;11096171;7760426;8656310;9734997;4139414;4240396;304;0;;
27.07.202011:42:48;11010283;7789786;8532209;9724385;4133055;4235036;305;0;;
27.07.202011:42:49;10924346;7780830;8664948;9727357;4130298;4223127;306;0;;
27.07.202011:42:50;11014091;7783331;8583366;9733450;4125248;4218018;307;0;;
27.07.202011:42:51;11011716;7792125;8582131;9737283;4113211;4206768;308;0;;
27.07.202011:42:52;10944337;7793735;8608803;9738980;4102868;4194929;309;0;;
27.07.202011:42:53;11090294;7789736;8644363;9744078;4101217;4197581;310;0;;
27.07.202011:42:54;10974124;7794827;8536867;9738587;4125196;4217565;311;0;;
27.07.202011:42:55;11000310;7790008;8586335;9745319;4149546;4252772;312;0;;
27.07.202011:42:56;11012759;7793233;8609619;9738097;4175022;4285632;313;0;;
27.07.202011:42:57;11007158;7793540;8616753;9739410;4210626;4324228;314;0;;
27.07.202011:42:58;11012562;7795783;8596220;9750356;4220677;4320385;315;0;;
27.07.202011:42:59;11015526;7798780;8599357;9749581;4208701;4291814;316;0;;
27.07.202011:43:00;11016122;7796324;8626852;9737674;4185563;4269976;317;0;;
27.07.202011:43:01;11020801;7788069;8599121;9734258;4188165;4277584;318;0;;
27.07.202011:43:02;11008034;7790172;8588876;9732337;4194493;4279726;319;0;;
27.07.202011:43:03;11012747;7796198;8600227;9738813;4173031;4250171;320;0;;
27.07.202011:43:04;11004369;7799369;8586662;9740234;4127255;4203908;321;0;;
27.07.202011:43:05;11013252;7797268;8598082;9743807;4093192;4176345;322;0;;
27.07.202011:43:06;11102124;7812345;8542826;9749812;4098369;4192725;323;0;;
27.07.202011:43:07;10932391;7806569;8654090;9749917;4142844;4236485;324;0;;
27.07.202011:43:08;11057039;7815037;8612442;9743963;4178363;4272847;325;0;;
27.07.202011:43:09;11075937;7795393;8583261;9733706;4200485;4286627;326;0;;
27.07.202011:43:10;11019208;7801929;8598759;9742673;4176971;4246968;327;0;;
27.07.202011:43:11;11017526;7802928;8604248;9742542;4130024;4204624;328;0;;
27.07.202011:43:12;11015727;7798597;8597140;9735224;4110808;4208833;329;0;;
27.07.202011:43:13;11018804;7789958;8607374;9734740;4156123;4269464;330;0;;
27.07.202011:43:14;11017595;7793414;8609531;9738763;4204101;4317029;331;0;;
27.07.202011:43:15;11020757;7794865;8572861;9733730;4214031;4308806;332;0;;
27.07.202011:43:16;11012200;7790845;8571548;9726015;4185281;4278714;333;0;;
27.07.202011:43:17;11005611;7789466;8578719;9725416;4165152;4258366;334;0;;
27.07.202011:43:18;11005408;7784503;8578346;9715602;4164245;4259464;335;0;;
27.07.202011:43:19;11005800;7783229;8596265;9721768;4172126;4274217;336;0;;
27.07.202011:43:20;11009003;7788672;8593142;9724481;4183364;4280431;337;0;;
27.07.202011:43:21;11010925;7783941;8580545;9725409;4174643;4269457;338;0;;
27.07.202011:43:22;11006432;7792442;8561692;9721584;4170076;4260077;339;0;;
27.07.202011:43:23;11110812;7789864;8591281;9740102;4172062;4258698;340;0;;
27.07.202011:43:24;11047020;7794413;8618806;9733596;4175252;4262985;341;0;;
27.07.202011:43:25;10944319;7800544;8600331;9734927;4178112;4265849;342;0;;
27.07.202011:43:26;11002166;7804534;8604805;9739555;4180725;4267812;343;0;;
27.07.202011:43:27;11041288;7811184;8616778;9744468;4176212;4258835;344;0;;
27.07.202011:43:28;11035941;7807894;8616459;9749276;4170250;4254265;345;0;;
27.07.202011:43:29;11028900;7821333;8607429;9751323;4177975;4269917;346;0;;
27.07.202011:43:30;11025001;7807343;8614966;9748766;4186785;4284652;347;0;;
27.07.202011:43:31;11046032;7802579;8632941;9743900;4182419;4273058;348;0;;
27.07.202011:43:32;11041833;7802252;8625735;9746364;4166499;4257095;349;0;;
27.07.202011:43:33;11031299;7803294;8614749;9740004;4169165;4254019;350;0;;
27.07.202011:43:34;11016951;7795354;8602459;9740698;4148840;4226046;351;0;;
27.07.202011:43:35;11021739;7791187;8606007;9748053;4114006;4190320;352;0;;
27.07.202011:43:36;11025032;7800426;8606039;9743342;4087449;4171475;353;0;;
27.07.202011:43:37;11018130;7803159;8631397;9749182;4106615;4199755;354;0;;
27.07.202011:43:38;11034219;7804624;8701005;9750906;4124572;4219030;355;0;;
27.07.202011:43:39;11071793;7808451;8597607;9750615;4127710;4216985;356;0;;
27.07.202011:43:40;11026077;7807004;8617825;9753555;4111351;4199649;357;0;;
27.07.202011:43:41;11024764;7806547;8615337;9749958;4114100;4199610;358;0;;
27.07.202011:43:42;11025457;7803149;8617869;9740672;4117688;4206816;359;0;;
27.07.202011:43:43;11036261;7802250;8623073;9754816;4124954;4213529;360;0;;
27.07.202011:43:44;11026840;7805402;8616126;9753738;4120425;4210002;361;0;;
27.07.202011:43:45;11051860;7801374;8609086;9760662;4130550;4226131;362;0;;
27.07.202011:43:46;11019424;7803227;8613811;9747969;4155992;4248341;363;0;;
27.07.202011:43:47;11012914;7797126;8611172;9744199;4179435;4271670;364;0;;
27.07.202011:43:48;11020874;7797951;8593706;9742687;4183316;4279166;365;0;;
27.07.202011:43:49;11031821;7806313;8588435;9740781;4190352;4290049;366;0;;
27.07.202011:43:50;11012964;7781955;8592178;9736282;4185017;4283481;367;0;;
27.07.202011:43:51;11010355;7785309;8590853;9732815;4169114;4263328;368;0;;
27.07.202011:43:52;11014776;7780116;8612436;9731001;4151894;4249586;369;0;;
27.07.202011:43:53;11009885;7782685;8621413;9728596;4169984;4277490;370;0;;
27.07.202011:43:54;11012460;7781892;8593599;9724313;4201959;4300551;371;0;;
27.07.202011:43:55;11016389;7781607;8609036;9730622;4207710;4299459;372;0;;
27.07.202011:43:56;11009141;7787932;8602633;9735666;4185049;4270057;373;0;;
27.07.202011:43:57;11011296;7791297;8593970;9732525;4167390;4258294;374;0;;
27.07.202011:43:58;11016887;7789313;8595848;9728836;4165209;4262919;375;0;;
27.07.202011:43:59;11018913;7790501;8600086;9729596;4183301;4280214;376;0;;
27.07.202011:44:00;11023038;7803779;8609326;9729588;4202627;4295282;377;0;;
27.07.202011:44:01;11058188;7842220;8663214;9763550;4206533;4296098;378;0;;
27.07.202011:44:02;11113392;7885223;8721359;9804622;4203283;4290315;379;0;;
27.07.202011:44:03;11168687;7939852;8771362;9853819;4215914;4312221;380;0;;
27.07.202011:44:04;11224832;7992118;8812535;9897308;4239324;4333624;381;0;;
27.07.202011:44:05;11278078;8041737;8873524;9947019;4258620;4350179;382;0;;
27.07.202011:44:06;11334019;8088413;8921984;9993228;4242520;4339432;383;0;;
27.07.202011:44:07;11389457;8139163;8984429;10045954;4223769;4319268;384;0;;
27.07.202011:44:08;11450618;8192009;9026278;10090073;4197639;4289089;385;0;;
27.07.202011:44:09;11506395;8245801;9081620;10144791;4175216;4257249;386;0;;
27.07.202011:44:10;11569451;8285330;9125970;10201318;4170460;4252992;387;0;;
27.07.202011:44:11;11602370;8319066;9147797;10232852;4173460;4251393;388;0;;
27.07.202011:44:12;11600996;8324699;9137796;10244530;4157083;4212861;389;0;;
27.07.202011:44:13;11610082;8331220;9150847;10250729;4034947;4068865;390;0;;
27.07.202011:44:14;11613904;8328775;9122908;10258773;3659735;3651594;391;0;;
27.07.202011:44:15;11615768;8328268;9127803;10267139;3431973;3512899;392;0;;
27.07.202011:44:16;11607579;8332260;9136595;10262991;3334505;3379316;393;0;;
27.07.202011:44:17;11610963;8332827;9122847;10262846;3264963;3364399;394;0;;
27.07.202011:44:18;11602704;8331011;9133415;10261534;3252703;3346533;395;0;;
27.07.202011:44:19;11614066;8326752;9146504;10261688;3234168;3321100;396;0;;
27.07.202011:44:20;11622223;8332514;9146500;10265357;3204750;3289747;397;0;;
27.07.202011:44:21;11623298;8339599;9157366;10269748;3183732;3276245;398;0;;
27.07.202011:44:22;11628701;8335745;9166468;10271343;3200473;3305173;399;0;;
27.07.202011:44:23;11626704;8338361;9151006;10266437;3269160;3371855;400;0;;
27.07.202011:44:24;11623153;8341518;9150781;10270037;3413437;3508492;401;0;;
27.07.202011:44:25;11616869;8344880;9170284;10278370;3760996;3860068;402;0;;
27.07.202011:44:26;11637132;8345969;9153417;10283353;3941690;4037405;403;0;;
27.07.202011:44:27;11646243;8355751;9185830;10290424;4094389;4175400;404;0;;
27.07.202011:44:28;11633213;8359710;9156246;10290406;4128485;4211824;405;0;;
27.07.202011:44:29;11703392;8366721;9149936;10291286;4157916;4243831;406;0;;
27.07.202011:44:30;11564320;8368195;9192168;10294960;4175846;4253677;407;0;;
27.07.202011:44:31;11622410;8376398;9200552;10304968;4168063;4242954;408;0;;
27.07.202011:44:32;11682662;8377009;9193074;10310192;4156871;4227739;409;0;;
27.07.202011:44:33;11669690;8380606;9211063;10308939;4138571;4213199;410;0;;
27.07.202011:44:34;11677787;8376721;9188625;10310759;4127980;4207193;411;0;;
27.07.202011:44:35;11668579;8375239;9187630;10303663;4129804;4214326;412;0;;
27.07.202011:44:36;11666177;8372283;9193189;10296162;4141227;4227106;413;0;;
27.07.202011:44:37;11675008;8361880;9198755;10297256;4143183;4219762;414;0;;
27.07.202011:44:38;11655344;8364075;9166194;10292727;4138778;4221153;415;0;;
27.07.202011:44:39;11634200;8368551;9189285;10273456;4137280;4222343;416;0;;
27.07.202011:44:40;11660645;8331151;9049575;10251009;4133803;4222871;417;0;;
27.07.202011:44:41;11552087;8256128;9114281;10211235;4123194;4217343;418;0;;
27.07.202011:44:42;11512035;8214679;9035563;10145494;4135027;4238810;419;0;;
27.07.202011:44:43;11434340;8188286;8978481;10110274;4156641;4246729;420;0;;
27.07.202011:44:44;11379755;8106617;8950692;10077537;4131023;4203861;421;0;;
27.07.202011:44:45;11315125;8083089;8933175;9971653;4088090;4156796;422;0;;
27.07.202011:44:46;11254797;8028462;8762143;9949838;4094029;4186420;423;0;;
27.07.202011:44:47;11109797;7986172;8773387;9889841;4155663;4257325;424;0;;
27.07.202011:44:48;11138031;7931740;8718150;9860272;4213629;4315641;425;0;;
27.07.202011:44:49;11104818;7851099;8628773;9834601;4229031;4326108;426;0;;
27.07.202011:44:50;11006845;7822639;8588889;9785912;4226412;4319923;427;0;;
27.07.202011:44:51;11008728;7812419;8591191;9754585;4225966;4319403;428;0;;
27.07.202011:44:52;11000625;7802468;8597513;9744157;4221753;4313913;429;0;;
27.07.202011:44:53;11111234;7797091;8601179;9746618;4211381;4295786;430;0;;
27.07.202011:44:54;10961726;7796707;8662127;9745931;4196313;4284438;431;0;;
27.07.202011:44:55;11015037;7790132;8613948;9727165;4209844;4296646;432;0;;
27.07.202011:44:56;10981802;7788002;8594370;9720859;4227194;4314319;433;0;;
27.07.202011:44:57;11001711;7785252;8583404;9726041;4225227;4314099;434;0;;
27.07.202011:44:58;10990187;7786117;8565156;9713535;4204068;4297660;435;0;;
27.07.202011:44:59;11013972;7772856;8591283;9718891;4199061;4298533;436;0;;
27.07.202011:45:00;10990922;7775221;8578156;9713894;4192335;4287461;437;0;;
27.07.202011:45:01;10985702;7778308;8579507;9715959;4182484;4273565;438;0;;
27.07.202011:45:02;10985402;7773335;8580452;9706000;4168511;4265787;439;0;;
27.07.202011:45:03;10995119;7770760;8583545;9707142;4185427;4283646;440;0;;
27.07.202011:45:04;10990746;7770126;8565076;9707016;4189387;4281432;441;0;;
27.07.202011:45:05;10991858;7771433;8590325;9711236;4168873;4256054;442;0;;
27.07.202011:45:06;10989463;7773846;8579920;9709799;4134318;4225059;443;0;;
27.07.202011:45:07;10970659;7778270;8571508;9710747;4115943;4217784;444;0;;
27.07.202011:45:08;11081765;7787306;8682089;9725158;4132237;4238776;445;0;;
27.07.202011:45:09;11068695;7779401;8590280;9724789;4172687;4275562;446;0;;
27.07.202011:45:10;10970791;7781790;8556992;9721690;4195938;4290962;447;0;;
27.07.202011:45:11;10972722;7771652;8575083;9715514;4191201;4281691;448;0;;
27.07.202011:45:12;10977133;7766762;8573489;9714358;4175179;4270143;449;0;;
27.07.202011:45:13;10976546;7769186;8576555;9716659;4181930;4279950;450;0;;
27.07.202011:45:14;10989030;7775638;8603248;9719031;4195367;4300655;451;0;;
27.07.202011:45:15;10997814;7786461;8589877;9730102;4208900;4319071;452;0;;
27.07.202011:45:16;11004178;7789570;8583996;9735554;4215874;4329206;453;0;;
27.07.202011:45:17;11010262;7793362;8602176;9734514;4201727;4309448;454;0;;
27.07.202011:45:18;11022882;7803031;8594142;9743827;4165168;4245250;455;0;;
27.07.202011:45:19;11017375;7808288;8627014;9748529;4114333;4190276;456;0;;
27.07.202011:45:20;11010580;7808434;8604697;9745089;4092746;4177223;457;0;;
27.07.202011:45:21;11022889;7812115;8592046;9750360;4101992;4191077;458;0;;
27.07.202011:45:22;11026494;7815297;8601841;9757523;4127844;4213080;459;0;;
27.07.202011:45:23;11033415;7820777;8600270;9761592;4137213;4218599;460;0;;
27.07.202011:45:24;11021824;7817607;8637876;9745454;4140643;4215570;461;0;;
27.07.202011:45:25;11027959;7823832;8555145;9758104;4137346;4218772;462;0;;
27.07.202011:45:26;11025507;7828695;8591748;9761719;4138793;4225704;463;0;;
27.07.202011:45:27;11021128;7832009;8567056;9761261;4137912;4228948;464;0;;
27.07.202011:45:28;11027619;7827742;8589908;9761793;4138289;4232656;465;0;;
27.07.202011:45:29;11018674;7820186;8583322;9755098;4122874;4203964;466;0;;
27.07.202011:45:30;11035432;7829727;8600150;9756783;4088220;4166782;467;0;;
27.07.202011:45:31;11013892;7832389;8564752;9756134;4065419;4162608;468;0;;
27.07.202011:45:32;11021032;7832283;8583865;9759544;4116538;4224981;469;0;;
27.07.202011:45:33;11010870;7830757;8591790;9760484;4163969;4274811;470;0;;
27.07.202011:45:34;11019278;7827712;8663715;9755920;4183526;4274490;471;0;;
27.07.202011:45:35;11036288;7825518;8599385;9758789;4162044;4249194;472;0;;
27.07.202011:45:36;11032123;7832214;8598739;9767947;4145149;4235051;473;0;;
27.07.202011:45:37;11048025;7838923;8624151;9763823;4152981;4246706;474;0;;
27.07.202011:45:38;11032854;7837009;8589232;9768697;4170164;4267031;475;0;;
27.07.202011:45:39;11028535;7844155;8587184;9777841;4189708;4281818;476;0;;
27.07.202011:45:40;11026095;7843710;8593633;9777223;4186701;4278207;477;0;;
27.07.202011:45:41;11039311;7847648;8599198;9770076;4188860;4281926;478;0;;
27.07.202011:45:42;11036280;7845253;8514931;9761546;4194326;4280926;479;0;;
27.07.202011:45:43;11048218;7856260;8557974;9768442;4181960;4265518;480;0;;
27.07.202011:45:44;11042429;7845771;8590793;9777734;4153167;4241471;481;0;;
27.07.202011:45:45;11022220;7845458;8587347;9771886;4133921;4226659;482;0;;
27.07.202011:45:46;11019821;7841013;8569423;9765500;4130866;4222524;483;0;;
27.07.202011:45:47;11007412;7832596;8583785;9759556;4134082;4221794;484;0;;
27.07.202011:45:48;11014128;7833054;8603114;9756103;4142867;4233489;485;0;;
27.07.202011:45:49;10988266;7826049;8593783;9760842;4141198;4236703;486;0;;
27.07.202011:45:50;11018438;7845739;8560259;9764982;4136990;4234626;487;0;;
27.07.202011:45:51;11028048;7841408;8566839;9768046;4141386;4243442;488;0;;
27.07.202011:45:52;11037666;7844718;8618800;9775245;4172202;4270333;489;0;;
27.07.202011:45:53;11025402;7833523;8576812;9762274;4176584;4263228;490;0;;
27.07.202011:45:54;11032108;7830426;8597402;9755642;4153400;4237101;491;0;;
27.07.202011:45:55;11025550;7824566;8579245;9750845;4135399;4223366;492;0;;
27.07.202011:45:56;11015207;7821802;8548120;9754336;4161912;4260979;493;0;;
27.07.202011:45:57;11004101;7818657;8549128;9746116;4188813;4286571;494;0;;
27.07.202011:45:58;10999365;7812117;8583357;9756703;4207493;4300150;495;0;;
27.07.202011:45:59;11007675;7814286;8570050;9750124;4201757;4288422;496;0;;
27.07.202011:46:00;11014960;7815182;8555029;9748265;4193519;4274057;497;0;;
27.07.202011:46:01;10995964;7829288;8562080;9752880;4166266;4243780;498;0;;
27.07.202011:46:02;11014917;7812449;8603089;9754646;4129807;4213105;499;0;;
27.07.202011:46:03;10995677;7828715;8550602;9762212;4103065;4188429;500;0;;
27.07.202011:46:04;11015236;7817883;8588101;9756736;4103877;4200736;501;0;;
27.07.202011:46:05;11028704;7820332;8581280;9758229;4133366;4231556;502;0;;
27.07.202011:46:06;11036556;7818760;8551625;9760819;4169249;4260670;503;0;;
27.07.202011:46:07;11029385;7821576;8603292;9756779;4184967;4269134;504;0;;
27.07.202011:46:08;11038418;7818103;8607129;9765148;4184704;4273119;505;0;;
27.07.202011:46:09;11013994;7835997;8619669;9768518;4181185;4272177;506;0;;
27.07.202011:46:10;11075898;7843528;8645775;9766549;4172842;4266148;507;0;;
27.07.202011:46:11;11057875;7892123;8717417;9769309;4175725;4264132;508;0;;
27.07.202011:46:12;11048508;8005735;8801618;9752424;4178229;4270925;509;0;;
27.07.202011:46:13;11106755;8055914;8860791;9805870;4182905;4271298;510;0;;
27.07.202011:46:14;11163080;8110323;8917242;9853155;4167795;4259138;511;0;;
27.07.202011:46:15;11220707;8160610;8970317;9902193;4153653;4245437;512;0;;
27.07.202011:46:16;11276860;8216277;9020826;9955034;4144360;4238688;513;0;;
27.07.202011:46:17;11332441;8273082;9062928;10005750;4133555;4227518;514;0;;
27.07.202011:46:18;11395259;8331506;9119545;10060329;4125102;4220101;515;0;;
27.07.202011:46:19;11450466;8383283;9168363;10110664;4128406;4221160;516;0;;
27.07.202011:46:20;11552657;8395502;9172090;10222823;4119919;4209088;517;0;;
27.07.202011:46:21;11644762;8397409;9177416;10302292;4101104;4178466;518;0;;
27.07.202011:46:22;11677094;8430355;9190938;10337299;4073429;4154287;519;0;;
27.07.202011:46:23;11681820;8436859;9178920;10347789;4021775;4078158;520;0;;
27.07.202011:46:24;11743257;8437137;9209786;10351663;3870454;3736158;521;0;;
27.07.202011:46:25;11633274;8446483;9190017;10360252;3511100;3592731;522;0;;
27.07.202011:46:26;11693174;8458253;9205152;10368816;3419299;3415816;523;0;;
27.07.202011:46:27;11695977;8464285;9175487;10375092;3280302;3386087;524;0;;
27.07.202011:46:28;11692814;8466883;9191955;10382750;3248053;3345958;525;0;;
27.07.202011:46:29;11697342;8464007;9211470;10382718;3223595;3318373;526;0;;
27.07.202011:46:30;11685154;8461188;9189364;10378550;3217466;3311686;527;0;;
27.07.202011:46:31;11683812;8456635;9185017;10375083;3224184;3317987;528;0;;
27.07.202011:46:32;11745522;8463438;9186325;10382259;3230700;3323101;529;0;;
27.07.202011:46:33;11710277;8474747;9227703;10390784;3238782;3337068;530;0;;
27.07.202011:46:34;11706606;8475352;9199444;10395714;3298255;3396361;531;0;;
27.07.202011:46:35;11701033;8479051;9210470;10392775;3444789;3556894;532;0;;
27.07.202011:46:36;11716264;8481154;9222666;10398696;3842886;3939166;533;0;;
27.07.202011:46:37;11712390;8481346;9220428;10400495;4001034;4085466;534;0;;
27.07.202011:46:38;11714798;8483038;9221706;10405050;4093375;4134467;535;0;;
27.07.202011:46:39;11726492;8482398;9226180;10409473;4083665;4129786;536;0;;
27.07.202011:46:40;11726632;8476839;9228212;10406560;4048969;4094293;537;0;;
27.07.202011:46:41;11718228;8475627;9224977;10404278;4041174;4109824;538;0;;
27.07.202011:46:42;11724588;8471812;9223481;10406343;4086793;4170098;539;0;;
27.07.202011:46:43;11726528;8475608;9257811;10394796;4138520;4221090;540;0;;
27.07.202011:46:44;11706690;8474664;9241794;10395272;4152175;4221233;541;0;;
27.07.202011:46:45;11724747;8463736;9230469;10398996;4129421;4195290;542;0;;
27.07.202011:46:46;11724875;8464221;9200659;10395527;4099277;4168446;543;0;;
27.07.202011:46:47;11687189;8465449;9229535;10388724;4087262;4163941;544;0;;
27.07.202011:46:48;11673294;8463950;9225658;10375881;4096042;4180417;545;0;;
27.07.202011:46:49;11812056;8466290;9186237;10380451;4115485;4193373;546;0;;
27.07.202011:46:50;11698874;8448084;9160172;10371891;4122494;4199812;547;0;;
27.07.202011:46:51;11632991;8419026;9136089;10316629;4127584;4201936;548;0;;
27.07.202011:46:52;11579294;8363115;9042892;10292497;4131533;4205259;549;0;;
27.07.202011:46:53;11533769;8312852;8990024;10246132;4135710;4214101;550;0;;
27.07.202011:46:54;11474964;8264592;8969210;10190684;4149898;4227966;551;0;;
27.07.202011:46:55;11421554;8206772;8941606;10144733;4156852;4236259;552;0;;
27.07.202011:46:56;11361077;8159959;8858447;10096639;4147184;4224909;553;0;;
27.07.202011:46:57;11305790;8108438;8802417;10047167;4139685;4228168;554;0;;
27.07.202011:46:58;11199661;8060956;8744443;9992185;4156941;4254346;555;0;;
27.07.202011:46:59;11160220;8006927;8692454;9941328;4184543;4280799;556;0;;
27.07.202011:47:00;11120122;7955434;8667371;9893534;4205371;4293528;557;0;;
27.07.202011:47:01;11072327;7915556;8590751;9854258;4212434;4303734;558;0;;
27.07.202011:47:02;11054743;7896613;8627009;9823802;4217938;4301304;559;0;;
27.07.202011:47:03;11051391;7893728;8601447;9824284;4182032;4274107;560;0;;
27.07.202011:47:04;11044103;7868444;8599069;9820152;4142112;4220273;561;0;;
27.07.202011:47:05;11042067;7875779;8613239;9813355;4132386;4221769;562;0;;
27.07.202011:47:06;11036395;7862328;8610865;9806854;4162545;4259916;563;0;;
27.07.202011:47:07;11044054;7850295;8592825;9799014;4183846;4274070;564;0;;
27.07.202011:47:08;10996946;7845242;8577157;9787466;4180598;4262269;565;0;;
27.07.202011:47:09;11015972;7848888;8664349;9772148;4160097;4234662;566;0;;
27.07.202011:47:10;11030968;7844951;8622079;9781551;4152037;4223365;567;0;;
27.07.202011:47:11;11031611;7842200;8611178;9779530;4145901;4222793;568;0;;
27.07.202011:47:12;11000125;7839590;8596639;9774906;4150133;4224414;569;0;;
27.07.202011:47:13;11000740;7827939;8559690;9767376;4147277;4224857;570;0;;
27.07.202011:47:14;11004972;7822795;8571265;9759814;4154851;4232577;571;0;;
27.07.202011:47:15;11008583;7820850;8607383;9762394;4155467;4229570;572;0;;
27.07.202011:47:16;11005720;7820939;8594029;9761549;4147171;4225893;573;0;;
27.07.202011:47:17;11004326;7821545;8575776;9759166;4131400;4219646;574;0;;
27.07.202011:47:18;10997595;7812887;8559501;9752973;4143832;4238154;575;0;;
27.07.202011:47:19;10998419;7817149;8593052;9756958;4155008;4252934;576;0;;
27.07.202011:47:20;11017036;7814401;8605434;9759272;4167942;4266961;577;0;;
27.07.202011:47:21;11010249;7825771;8611521;9762138;4176025;4279993;578;0;;
27.07.202011:47:22;11021349;7827314;8610655;9766132;4194038;4300009;579;0;;
27.07.202011:47:23;11010576;7824499;8586368;9770177;4194265;4295148;580;0;;
27.07.202011:47:24;11034296;7833286;8624750;9768990;4177602;4278270;581;0;;
27.07.202011:47:25;11031693;7833980;8597262;9772815;4165911;4264512;582;0;;
27.07.202011:47:26;11048974;7837497;8619324;9772924;4168206;4266504;583;0;;
27.07.202011:47:27;11040743;7839251;8636653;9783126;4166636;4265295;584;0;;
27.07.202011:47:28;11055145;7847265;8642292;9784836;4168156;4264092;585;0;;
27.07.202011:47:29;11038603;7852409;8639962;9798500;4161851;4258837;586;0;;
27.07.202011:47:30;11044613;7852304;8641413;9793759;4145565;4244389;587;0;;
27.07.202011:47:31;11067597;7850938;8647605;9796466;4125721;4224190;588;0;;
27.07.202011:47:32;11063774;7849144;8661348;9797871;4120296;4222640;589;0;;
27.07.202011:47:33;11067720;7861866;8648931;9802920;4122443;4223813;590;0;;
27.07.202011:47:34;11058916;7867835;8734451;9806357;4131784;4233659;591;0;;
27.07.202011:47:35;11058294;7858272;8623490;9791429;4131135;4240409;592;0;;
27.07.202011:47:36;11078792;7869612;8686138;9814313;4139081;4235982;593;0;;
27.07.202011:47:37;11064865;7864629;8657837;9803488;4130959;4218359;594;0;;
27.07.202011:47:38;11084252;7867225;8669095;9801323;4112326;4185221;595;0;;
27.07.202011:47:39;11072226;7871280;8662065;9809547;4110622;4186657;596;0;;
27.07.202011:47:40;11066610;7876690;8659755;9806436;4123109;4200604;597;0;;
27.07.202011:47:41;11070037;7877122;8675107;9805657;4136275;4208003;598;0;;
27.07.202011:47:42;11059404;7872564;8658641;9800576;4118892;4192221;599;0;;
27.07.202011:47:43;11072607;7864287;8663485;9789821;4101454;4177833;600;0;;
27.07.202011:47:44;11066140;7865998;8658944;9815372;4102100;4181506;601;0;;
27.07.202011:47:45;11075307;7863466;8659949;9798493;4112196;4200343;602;0;;
27.07.202011:47:46;11059815;7852750;8654575;9802683;4123114;4207433;603;0;;
27.07.202011:47:47;11062303;7870928;8661580;9793684;4125710;4214708;604;0;;
27.07.202011:47:48;11074274;7861624;8674617;9799795;4118169;4194139;605;0;;
27.07.202011:47:49;11078527;7865697;8681886;9800723;4098041;4167638;606;0;;
27.07.202011:47:50;11078868;7865344;8681717;9803475;4081509;4161740;607;0;;
27.07.202011:47:51;11081007;7868359;8675849;9802577;4110808;4204724;608;0;;
27.07.202011:47:52;11080853;7868362;8678333;9806808;4137219;4231706;609;0;;
27.07.202011:47:53;11108658;7877869;8691217;9825936;4141937;4233470;610;0;;
27.07.202011:47:54;11080361;7883432;8709224;9805334;4130992;4217807;611;0;;
27.07.202011:47:55;11088782;7877062;8689989;9810140;4121184;4214140;612;0;;
27.07.202011:47:56;11071259;7877397;8692206;9810292;4118068;4213353;613;0;;
27.07.202011:47:57;11094657;7871497;8684004;9812807;4123950;4223464;614;0;;
27.07.202011:47:58;11088510;7868655;8672791;9811673;4139088;4241640;615;0;;
27.07.202011:47:59;11094149;7867396;8692365;9807218;4145260;4242085;616;0;;
27.07.202011:48:00;11082183;7868920;8681722;9809904;4145835;4243008;617;0;;
27.07.202011:48:01;11070482;7865010;8668133;9801584;4154941;4245973;618;0;;
27.07.202011:48:02;11062725;7859707;8656348;9799485;4163286;4246336;619;0;;
27.07.202011:48:03;11063770;7857606;8685601;9800784;4154735;4239695;620;0;;
27.07.202011:48:04;11049330;7851086;8650204;9796295;4139949;4226864;621;0;;
27.07.202011:48:05;11158364;7846085;8688829;9789550;4130420;4217755;622;0;;
27.07.202011:48:06;11137982;7845060;8736142;9792689;4114010;4200493;623;0;;
27.07.202011:48:07;11051573;7842357;8652117;9792126;4116784;4207643;624;0;;
27.07.202011:48:08;11044677;7838515;8640566;9788262;4132787;4232906;625;0;;
27.07.202011:48:09;11034720;7830844;8602885;9775243;4163616;4256882;626;0;;
27.07.202011:48:10;11043783;7836049;8616812;9773289;4184201;4270664;627;0;;
27.07.202011:48:11;11013592;7824366;8604217;9775440;4202089;4284584;628;0;;
27.07.202011:48:12;11031309;7828122;8597784;9770979;4187328;4253586;629;0;;
27.07.202011:48:13;11018975;7817469;8617883;9766076;4134374;4208913;630;0;;
27.07.202011:48:14;11006720;7798556;8609441;9773453;4108425;4190821;631;0;;
27.07.202011:48:15;11018237;7819107;8598363;9761815;4151574;4250141;632;0;;
27.07.202011:48:16;11021329;7815195;8601811;9760582;4205521;4297955;633;0;;
27.07.202011:48:17;11022383;7817255;8592204;9761308;4227423;4305579;634;0;;
27.07.202011:48:18;11020253;7818873;8604166;9760137;4208005;4280059;635;0;;
27.07.202011:48:19;11021321;7814141;8591840;9759671;4181805;4259415;636;0;;
27.07.202011:48:20;11031285;7815039;8610760;9754225;4165799;4241081;637;0;;
27.07.202011:48:21;11041419;7838773;8621414;9759451;4160729;4239526;638;0;;
27.07.202011:48:22;11081697;7878213;8677202;9795341;4164962;4244017;639;0;;
27.07.202011:48:23;11135707;7931046;8737665;9847390;4177643;4263307;640;0;;
27.07.202011:48:24;11189788;7982583;8790194;9890687;4195223;4282135;641;0;;
27.07.202011:48:25;11248185;8032623;8837831;9942675;4209417;4294451;642;0;;
27.07.202011:48:26;11303803;8091079;8888341;9990231;4206950;4288957;643;0;;
27.07.202011:48:27;11362342;8139000;8948033;10042203;4194717;4284252;644;0;;
27.07.202011:48:28;11418551;8195251;9006722;10093474;4193866;4280759;645;0;;
27.07.202011:48:29;11477053;8244315;9062907;10148463;4175643;4262889;646;0;;
27.07.202011:48:30;11529947;8298730;9113789;10196019;4155375;4237551;647;0;;
27.07.202011:48:31;11596212;8346653;9151536;10258348;4138088;4225456;648;0;;
27.07.202011:48:32;11634762;8387880;9189338;10305369;4135695;4217458;649;0;;
27.07.202011:48:33;11654803;8404042;9199828;10332065;4091803;4154602;650;0;;
27.07.202011:48:34;11648229;8403853;9175800;10332296;3956951;3990695;651;0;;
27.07.202011:48:35;11649717;8413675;9160481;10333402;3594459;3620640;652;0;;
27.07.202011:48:36;11653830;8416619;9183081;10337363;3397694;3476100;653;0;;
27.07.202011:48:37;11663856;8419855;9168234;10338162;3264313;3362717;654;0;;
27.07.202011:48:38;11667450;8413282;9154399;10335943;3241432;3346952;655;0;;
27.07.202011:48:39;11676293;8418686;9165200;10334495;3223328;3325158;656;0;;
27.07.202011:48:40;11655128;8415853;9171332;10344469;3202948;3302599;657;0;;
27.07.202011:48:41;11697630;8419903;9168670;10337437;3195996;3299594;658;0;;
27.07.202011:48:42;11674687;8420466;9166678;10342944;3217827;3319293;659;0;;
27.07.202011:48:43;11696558;8426086;9231176;10351865;3248968;3346754;660;0;;
27.07.202011:48:44;11676977;8425352;9223172;10347386;3277358;3381351;661;0;;
27.07.202011:48:45;11688999;8431620;9184494;10349892;3366156;3468773;662;0;;
27.07.202011:48:46;11681587;8427255;9176773;10348712;3530451;3793226;663;0;;
27.07.202011:48:47;11682301;8430956;9183731;10349412;3880476;3973294;664;0;;
27.07.202011:48:48;11697120;8434167;9181076;10352813;4066362;4155535;665;0;;
27.07.202011:48:49;11699403;8432875;9202503;10353664;4126569;4202869;666;0;;
27.07.202011:48:50;11698545;8436931;9193259;10354256;4165934;4241213;667;0;;
27.07.202011:48:51;11701075;8438632;9217868;10354730;4186029;4253920;668;0;;
27.07.202011:48:52;11697490;8435733;9212535;10356108;4168320;4234179;669;0;;
27.07.202011:48:53;11699483;8439711;9211766;10354867;4138598;4206845;670;0;;
27.07.202011:48:54;11698237;8442670;9204739;10355768;4127900;4200973;671;0;;
27.07.202011:48:55;11699079;8437969;9178591;10357937;4139601;4208221;672;0;;
27.07.202011:48:56;11693304;8429900;9188249;10353735;4140181;4212386;673;0;;
27.07.202011:48:57;11686541;8427689;9208195;10348678;4139672;4210261;674;0;;
27.07.202011:48:58;11673866;8424665;9189288;10349895;4122356;4188108;675;0;;
27.07.202011:48:59;11673682;8424207;9209519;10351526;4102850;4169471;676;0;;
27.07.202011:49:00;11640356;8395605;9265832;10340746;4101283;4185709;677;0;;
27.07.202011:49:01;11669654;8378610;9161126;10300736;4139019;4235639;678;0;;
27.07.202011:49:02;11578699;8349625;9084132;10263232;4162484;4261421;679;0;;
27.07.202011:49:03;11521409;8267576;9057021;10214989;4159460;4248875;680;0;;
27.07.202011:49:04;11471126;8241820;8978277;10169100;4138053;4230386;681;0;;
27.07.202011:49:05;11419599;8192033;8946881;10143301;4137713;4231271;682;0;;
27.07.202011:49:06;11344141;8141852;8878866;10063005;4156945;4252966;683;0;;
27.07.202011:49:07;11257686;8093260;8798554;10003684;4174733;4273139;684;0;;
27.07.202011:49:08;11201287;7990338;8597483;9979434;4185464;4285098;685;0;;
27.07.202011:49:09;11147115;7947618;8685200;9928523;4178785;4282566;686;0;;
27.07.202011:49:10;11110005;7921317;8620504;9874998;4177205;4280662;687;0;;
27.07.202011:49:11;11030585;7883845;8612700;9826017;4176767;4276632;688;0;;
27.07.202011:49:12;11015677;7846463;8563679;9787394;4163879;4262826;689;0;;
27.07.202011:49:13;10967520;7839360;8583963;9775295;4154473;4253054;690;0;;
27.07.202011:49:14;10989204;7807472;8570760;9748807;4155946;4255818;691;0;;
27.07.202011:49:15;10981049;7801268;8579672;9744789;4161975;4253239;692;0;;
27.07.202011:49:16;10999374;7789253;8557337;9740723;4159463;4250950;693;0;;
27.07.202011:49:17;10977803;7777396;8580467;9741989;4162547;4259210;694;0;;
27.07.202011:49:18;10996507;7782227;8587881;9728363;4174862;4276354;695;0;;
27.07.202011:49:19;10982086;7781982;8562710;9729418;4194565;4288799;696;0;;
27.07.202011:49:20;10987846;7778560;8577086;9731659;4205844;4299796;697;0;;
27.07.202011:49:21;10964893;7779388;8602975;9728029;4224465;4313834;698;0;;
27.07.202011:49:22;10984782;7771659;8515568;9728756;4207612;4290574;699;0;;
27.07.202011:49:23;10982134;7774915;8579607;9718787;4175941;4260170;700;0;;
27.07.202011:49:24;10983544;7770170;8600710;9714936;4157183;4235944;701;0;;
27.07.202011:49:25;11005413;7764766;8589377;9713882;4183155;4272521;702;0;;
27.07.202011:49:26;10985310;7766307;8618777;9714341;4205020;4291671;703;0;;
27.07.202011:49:27;10995762;7766073;8628197;9711284;4212538;4293935;704;0;;
27.07.202011:49:28;10982352;7760173;8570240;9712445;4203577;4284714;705;0;;
27.07.202011:49:29;10981581;7756977;8561733;9710761;4207253;4285790;706;0;;
27.07.202011:49:30;10959660;7754935;8562461;9694560;4200763;4283149;707;0;;
27.07.202011:49:31;10961474;7758484;8554535;9700189;4190742;4273322;708;0;;
27.07.202011:49:32;11016933;7753645;8528303;9702229;4171131;4253199;709;0;;
27.07.202011:49:33;10969941;7757738;8543429;9701119;4161753;4248310;710;0;;
27.07.202011:49:34;10941876;7746224;8538168;9689004;4173088;4257543;711;0;;
27.07.202011:49:35;11047045;7749661;8550360;9698439;4188767;4273736;712;0;;
27.07.202011:49:36;10955001;7744429;8572880;9702194;4184008;4272652;713;0;;
27.07.202011:49:37;10958330;7743884;8701230;9698215;4178273;4271622;714;0;;
27.07.202011:49:38;10975639;7747990;8631711;9700958;4169577;4263298;715;0;;
27.07.202011:49:39;10935863;7744941;8564340;9699089;4162490;4254068;716;0;;
27.07.202011:49:40;10951499;7738764;8564209;9692142;4159249;4253522;717;0;;
27.07.202011:49:41;10939013;7735705;8562691;9685430;4172718;4273730;718;0;;
27.07.202011:49:42;10927322;7735822;8536366;9683398;4196336;4290338;719;0;;
27.07.202011:49:43;10934123;7728336;8523813;9676529;4201732;4292552;720;0;;
27.07.202011:49:44;10911919;7729763;8545359;9670982;4193892;4279619;721;0;;
27.07.202011:49:45;10932441;7731801;8532005;9676700;4185178;4273486;722;0;;
27.07.202011:49:46;10897060;7729924;8467024;9680774;4181177;4270699;723;0;;
27.07.202011:49:47;10790634;7724001;8591114;9673038;4191746;4280290;724;0;;
27.07.202011:49:48;11048380;7714940;8593676;9665714;4203524;4288129;725;0;;
27.07.202011:49:49;10925134;7705754;8474518;9656523;4188708;4271786;726;0;;
27.07.202011:49:50;10936991;7714101;8528879;9660685;4158960;4243847;727;0;;
27.07.202011:49:51;10918761;7715171;8557086;9655660;4150801;4248117;728;0;;
27.07.202011:49:52;10924915;7713928;8549704;9656941;4176058;4282585;729;0;;
27.07.202011:49:53;10934913;7711842;8523518;9660044;4229783;4341241;730;0;;
27.07.202011:49:54;10927012;7710186;8518380;9655681;4261986;4378577;731;0;;
27.07.202011:49:55;10925037;7718626;8538354;9658230;4289891;4394165;732;0;;
27.07.202011:49:56;10930364;7723766;8567155;9663285;4283467;4375006;733;0;;
27.07.202011:49:57;10930902;7714499;8561976;9657420;4250255;4323614;734;0;;
27.07.202011:49:58;10915406;7711226;8540752;9653625;4224566;4301609;735;0;;
27.07.202011:49:59;10921355;7709985;8540214;9650794;4218415;4304320;736;0;;
27.07.202011:50:00;10923322;7707887;8530086;9644752;4238418;4325588;737;0;;
27.07.202011:50:01;10924864;7703489;8575102;9645757;4241326;4325554;738;0;;
27.07.202011:50:02;10917427;7704574;8516951;9648804;4229469;4311133;739;0;;
27.07.202011:50:03;10906778;7704557;8543659;9647995;4215419;4293531;740;0;;
27.07.202011:50:04;10939827;7697674;8532869;9642204;4206660;4289058;741;0;;
27.07.202011:50:05;10888633;7690444;8530144;9641529;4207720;4291333;742;0;;
27.07.202011:50:06;10912152;7700478;8516447;9634932;4212531;4298252;743;0;;
27.07.202011:50:07;10908895;7696173;8521179;9636062;4209330;4280418;744;0;;
27.07.202011:50:08;10912830;7693265;8516121;9644597;4176001;4235297;745;0;;
27.07.202011:50:09;10927230;7706800;8549862;9640296;4141198;4204463;746;0;;
27.07.202011:50:10;10916682;7694493;8524294;9641584;4156671;4229543;747;0;;
27.07.202011:50:11;10913187;7695675;8523366;9641976;4209258;4302353;748;0;;
27.07.202011:50:12;10922142;7699312;8527409;9648855;4239839;4324287;749;0;;
27.07.202011:50:13;10919669;7696542;8497797;9642699;4229285;4307615;750;0;;
27.07.202011:50:14;10908666;7700366;8493917;9646817;4206798;4285939;751;0;;
27.07.202011:50:15;10922235;7695614;8501306;9647478;4190117;4271297;752;0;;
27.07.202011:50:16;10914788;7709017;8508909;9647509;4190261;4277139;753;0;;
27.07.202011:50:17;10936365;7705667;8502248;9649090;4206609;4297451;754;0;;
27.07.202011:50:18;10927459;7707274;8516364;9653236;4213566;4301269;755;0;;
27.07.202011:50:19;10920325;7715921;8511375;9655098;4203396;4290859;756;0;;
27.07.202011:50:20;10937834;7718290;8522050;9657216;4188846;4277844;757;0;;
27.07.202011:50:21;10935469;7720671;8505518;9664127;4184496;4273137;758;0;;
27.07.202011:50:22;10920558;7723120;8517008;9663818;4177382;4264388;759;0;;
27.07.202011:50:23;10937656;7730814;8516033;9668205;4166487;4257702;760;0;;
27.07.202011:50:24;10927498;7736519;8514918;9663119;4171289;4259550;761;0;;
27.07.202011:50:25;10952724;7734848;8539548;9676427;4180258;4264489;762;0;;
27.07.202011:50:26;10948287;7734606;8541016;9687559;4194199;4274669;763;0;;
27.07.202011:50:27;10948560;7740966;8536658;9680841;4203030;4283458;764;0;;
27.07.202011:50:28;10939776;7743226;8547952;9684504;4197160;4279683;765;0;;
27.07.202011:50:29;10931870;7742336;8541872;9682600;4183389;4263982;766;0;;
27.07.202011:50:30;10967015;7745148;8555651;9686298;4172230;4262418;767;0;;
27.07.202011:50:31;10934085;7747567;8540419;9685012;4166434;4248548;768;0;;
27.07.202011:50:32;10952720;7771201;8692013;9695130;4140638;4220151;769;0;;
27.07.202011:50:33;10941854;7882116;8737152;9656869;4120779;4202629;770;0;;
27.07.202011:50:34;10976563;7964766;8817139;9686747;4142441;4239700;771;0;;
27.07.202011:50:35;11035094;8018528;8834489;9736488;4198836;4292521;772;0;;
27.07.202011:50:36;11096861;8074606;8888205;9788550;4217803;4307006;773;0;;
27.07.202011:50:37;11155981;8134887;8950733;9843556;4201468;4280511;774;0;;
27.07.202011:50:38;11221134;8189380;8993040;9895759;4171145;4258277;775;0;;
27.07.202011:50:39;11282442;8252388;9049778;9947108;4163113;4253156;776;0;;
27.07.202011:50:40;11348289;8312390;9108823;10004044;4169128;4260730;777;0;;
27.07.202011:50:41;11406296;8373699;9166080;10054948;4173758;4257152;778;0;;
27.07.202011:50:42;11467810;8424105;9227835;10110253;4171420;4250672;779;0;;
27.07.202011:50:43;11523091;8479133;9285541;10161646;4174877;4250154;780;0;;
27.07.202011:50:44;11585116;8536031;9332863;10220399;4150353;4215869;781;0;;
27.07.202011:50:45;11645244;8593835;9389357;10269860;4051076;4073290;782;0;;
27.07.202011:50:46;11706771;8647307;9440698;10323400;3657807;3666175;783;0;;
27.07.202011:50:47;11760867;8707273;9494682;10375974;3437347;3525979;784;0;;
27.07.202011:50:48;11818929;8761973;9546803;10431408;3329365;3391012;785;0;;
27.07.202011:50:49;11873849;8823396;9599197;10489306;3255988;3365954;786;0;;
27.07.202011:50:50;11937208;8878592;9647235;10546090;3234978;3342126;787;0;;
27.07.202011:50:51;11995242;8941891;9698179;10598749;3226194;3326205;788;0;;
27.07.202011:50:52;12056678;9001382;9748502;10659744;3211809;3308495;789;0;;
27.07.202011:50:53;12107863;9064754;9797365;10714721;3202358;3296438;790;0;;
27.07.202011:50:54;12164845;9122367;9840500;10774772;3186187;3284564;791;0;;
27.07.202011:50:55;12217985;9187574;9898394;10834756;3179126;3275156;792;0;;
27.07.202011:50:56;12273393;9245015;9942310;10890603;3175751;3269507;793;0;;
27.07.202011:50:57;12320554;9303918;9994782;10945469;3180752;3273894;794;0;;
27.07.202011:50:58;12374369;9359026;10034161;10999912;3186562;3277254;795;0;;
27.07.202011:50:59;12424523;9421039;10083485;11059148;3182215;3273198;796;0;;
27.07.202011:51:00;12480006;9481772;10124621;11115419;3180305;3270540;797;0;;
27.07.202011:51:01;12531347;9549844;10178278;11177867;3195907;3281313;798;0;;
27.07.202011:51:02;12589988;9607465;10229897;11235741;3211758;3297631;799;0;;
27.07.202011:51:03;12640510;9665225;10282438;11292933;3220034;3304320;800;0;;
27.07.202011:51:04;12693887;9723304;10325372;11353324;3222355;3307168;801;0;;
27.07.202011:51:05;12743607;9784741;10371045;11408310;3218606;3299083;802;0;;
27.07.202011:51:06;12800131;9848588;10418853;11467893;3207686;3284514;803;0;;
27.07.202011:51:07;12849343;9909296;10469283;11524817;3194403;3273955;804;0;;
27.07.202011:51:08;12906085;9978495;10505310;11587772;3199418;3278385;805;0;;
27.07.202011:51:09;12951599;10041868;10556518;11649917;3206245;3282320;806;0;;
27.07.202011:51:10;13003223;10105948;10597177;11718192;3208142;3279865;807;0;;
27.07.202011:51:11;13054098;10179049;10635430;11775420;3195585;3271446;808;0;;
27.07.202011:51:12;13093782;10222335;10675262;11818458;3186521;3266208;809;0;;
27.07.202011:51:13;13102854;10236623;10681102;11833240;3187703;3267771;810;0;;
27.07.202011:51:14;13105625;10247023;10673590;11835306;3199480;3275498;811;0;;
27.07.202011:51:15;13105781;10246117;10689561;11839301;3205311;3280890;812;0;;
